{
  "project_info": {
    "project_number": "932407256168",
    "project_id": "retireeportal-b62c5",
    "storage_bucket": "retireeportal-b62c5.firebasestorage.app"
  },
  "client": [
    {
      "client_info": {
        "mobilesdk_app_id": "1:932407256168:android:b47970e63331bdc77387dd",
        "android_client_info": {
          "package_name": "com.sidbi.retireesidbiportal"
        }
      },
      "oauth_client": [],
      "api_key": [
        {
          "current_key": "AIzaSyDxpWZmfGzJfItm6J2PhHK2CxTnG0AjBG8"
        }
      ],
      "services": {
        "appinvite_service": {
          "other_platform_oauth_client": []
        }
      }
    }
  ],
  "configuration_version": "1"
}